Приоритетна област	Дейност	Перо	Година	Средства в лв. от националния бюджет (без национални програми)	Средства от ЕС и други международни проекти и програми в лв.
Реализация в професиите на настоящето и бъдещето	"Дейност 301 ""Управление, контрол, регулиране и лицензиране на дейности по образованието"""	Персонал (§ 01-00, § 02-00, § 05-00)	2018	453891	0
Ефикасно управление и участие в мрежи	"Дейност 301 ""Управление, контрол, регулиране и лицензиране на дейности по образованието"""	Персонал (§ 01-00, § 02-00, § 05-00)	2018	13127944	1395697
Реализация в професиите на настоящето и бъдещето	"Дейност 301 ""Управление, контрол, регулиране и лицензиране на дейности по образованието"""	Издръжка (§ 10-00, § 19-00)	2018	142242	0
Ефикасно управление и участие в мрежи	"Дейност 301 ""Управление, контрол, регулиране и лицензиране на дейности по образованието"""	Издръжка (§ 10-00, § 19-00)	2018	3875758	1173476
Реализация в професиите на настоящето и бъдещето	"Дейност 301 ""Управление, контрол, регулиране и лицензиране на дейности по образованието"""	Капиталови разходи (§ 52-00, § 53-00)	2018	48702	0
Ефикасно управление и участие в мрежи	"Дейност 301 ""Управление, контрол, регулиране и лицензиране на дейности по образованието"""	Капиталови разходи (§ 52-00, § 53-00)	2018	210762	32841
Ефикасно управление и участие в мрежи	"Дейност 301 ""Управление, контрол, регулиране и лицензиране на дейности по образованието"""	Капиталови разходи (§ 51-00, § 54-00, § 55-00)	2018	1550	0
Ранно детско развитие 	"Дейност 311 ""Детски градини """	Персонал (§ 01-00, § 02-00, § 05-00)	2018	508802869	1532752
Ранно детско развитие 	"Дейност 311 ""Детски градини """	Издръжка (§ 10-00, § 19-00)	2018	172082983	2678090
Мотивирани и креативни учители	"Дейност 311 ""Детски градини """	Издръжка (§ 10-00, § 19-00)	2018	697939	0
Сплотени училищни общности и системна работа с родителите	"Дейност 311 ""Детски градини """	Издръжка (§ 10-00, § 19-00)	2018	523709	0
Ранно детско развитие 	"Дейност 311 ""Детски градини """	Текущи трансфери, обезщетения и помощи за домакинствата (§ 42-00) 	2018	64211	5379
Ранно детско развитие 	"Дейност 311 ""Детски градини """	Субсидии и разходи за членски внос (§ 43-00, § 45-00, § 46-00)	2018	368244	285023
Ранно детско развитие 	"Дейност 311 ""Детски градини """	Предоставени текущи и капиталови трансфери за чужбина (§ 49-00) 	2018	0	224200
Образователни иновации, дигитална трансформация и устойчиво развитие	"Дейност 311 ""Детски градини """	Капиталови разходи (§ 52-00, § 53-00)	2018	17474697	2609228
Ефективно включване, трайно приобщаване и образователна интеграция	"Дейност 311 ""Детски градини """	Капиталови разходи (§ 51-00, § 54-00, § 55-00)	2018	12935037	25888625
Ранно детско развитие 	"Дейност 312 ""Специални групи в детски градини за деца със СОП"""	Персонал (§ 01-00, § 02-00, § 05-00)	2018	3830296	104260
Ефективно включване, трайно приобщаване и образователна интеграция	"Дейност 312 ""Специални групи в детски градини за деца със СОП"""	Издръжка (§ 10-00, § 19-00)	2018	936171	205008
Образователни иновации, дигитална трансформация и устойчиво развитие	"Дейност 312 ""Специални групи в детски градини за деца със СОП"""	Капиталови разходи (§ 52-00, § 53-00)	2018	45146	0
Ранно детско развитие 	"Дейност 318 ""Подготвителна група в училище"""	Персонал (§ 01-00, § 02-00, § 05-00)	2018	14317479	61729
Ранно детско развитие 	"Дейност 318 ""Подготвителна група в училище"""	Издръжка (§ 10-00, § 19-00)	2018	5062455	128939
Ранно детско развитие 	"Дейност 318 ""Подготвителна група в училище"""	Текущи трансфери, обезщетения и помощи за домакинствата (§ 42-00) 	2018	4000	0
Ранно детско развитие 	"Дейност 318 ""Подготвителна група в училище"""	Субсидии и разходи за членски внос (§ 43-00, § 45-00, § 46-00)	2018	0	-13340
Образователни иновации, дигитална трансформация и устойчиво развитие	"Дейност 318 ""Подготвителна група в училище"""	Капиталови разходи (§ 52-00, § 53-00)	2018	385032	0
Ефективно включване, трайно приобщаване и образователна интеграция	"Дейност 318 ""Подготвителна група в училище"""	Капиталови разходи (§ 51-00, § 54-00, § 55-00)	2018	8930	0
Ефективно включване, трайно приобщаване и образователна интеграция	"Дейност 321 ""Специални училища и центрове за специална образователна подкрепа"""	Персонал (§ 01-00, § 02-00, § 05-00)	2018	27303541	114612
Ефективно включване, трайно приобщаване и образователна интеграция	"Дейност 321 ""Специални училища и центрове за специална образователна подкрепа"""	Издръжка (§ 10-00, § 19-00)	2018	6263434	85446
Ефективно включване, трайно приобщаване и образователна интеграция	"Дейност 321 ""Специални училища и центрове за специална образователна подкрепа"""	Стипендии (§ 40-00)	2018	133444	0
Образователни иновации, дигитална трансформация и устойчиво развитие	"Дейност 321 ""Специални училища и центрове за специална образователна подкрепа"""	Капиталови разходи (§ 52-00, § 53-00)	2018	225186	3774
Ефективно включване, трайно приобщаване и образователна интеграция	"Дейност 321 ""Специални училища и центрове за специална образователна подкрепа"""	Капиталови разходи (§ 51-00, § 54-00, § 55-00)	2018	723052	0
Мотивирани и креативни учители	"Дейност 322 ""Неспециализирани училища, без професионални гимназии"""	Персонал (§ 01-00, § 02-00, § 05-00)	2018	1160634460	28710392
Ефективно включване, трайно приобщаване и образователна интеграция	"Дейност 322 ""Неспециализирани училища, без професионални гимназии"""	Издръжка (§ 10-00, § 19-00)	2018	225364707	16035568
Компетентности и таланти 	"Дейност 322 ""Неспециализирани училища, без професионални гимназии"""	Стипендии (§ 40-00)	2018	14660396	751634
Ефективно включване, трайно приобщаване и образователна интеграция	"Дейност 322 ""Неспециализирани училища, без професионални гимназии"""	Текущи трансфери, обезщетения и помощи за домакинствата (§ 42-00) 	2018	282642	114481
Ефективно включване, трайно приобщаване и образователна интеграция	"Дейност 322 ""Неспециализирани училища, без професионални гимназии"""	Субсидии и разходи за членски внос (§ 43-00, § 45-00, § 46-00)	2018	1691284	143475
Ефективно включване, трайно приобщаване и образователна интеграция	"Дейност 322 ""Неспециализирани училища, без професионални гимназии"""	Предоставени текущи и капиталови трансфери за чужбина (§ 49-00) 	2018	0	100449
Образователни иновации, дигитална трансформация и устойчиво развитие	"Дейност 322 ""Неспециализирани училища, без професионални гимназии"""	Капиталови разходи (§ 52-00, § 53-00)	2018	23066683	2629256
Ефективно включване, трайно приобщаване и образователна интеграция	"Дейност 322 ""Неспециализирани училища, без професионални гимназии"""	Капиталови разходи (§ 51-00, § 54-00, § 55-00)	2018	19325494	48126730
Мотивирани и креативни учители	"Дейност 323 ""Училища по културата и училища по изкуствата"""	Персонал (§ 01-00, § 02-00, § 05-00)	2018	29150829	238513
Компетентности и таланти 	"Дейност 323 ""Училища по културата и училища по изкуствата"""	Издръжка (§ 10-00, § 19-00)	2018	5412921	85092
Компетентности и таланти 	"Дейност 323 ""Училища по културата и училища по изкуствата"""	Стипендии (§ 40-00)	2018	1044585	13800
Компетентности и таланти 	"Дейност 323 ""Училища по културата и училища по изкуствата"""	Текущи трансфери, обезщетения и помощи за домакинствата (§ 42-00) 	2018	2050	5680
Компетентности и таланти 	"Дейност 323 ""Училища по културата и училища по изкуствата"""	Субсидии и разходи за членски внос (§ 43-00, § 45-00, § 46-00)	2018	336	0
Образователни иновации, дигитална трансформация и устойчиво развитие	"Дейност 323 ""Училища по културата и училища по изкуствата"""	Капиталови разходи (§ 52-00, § 53-00)	2018	310028	3599
Ефективно включване, трайно приобщаване и образователна интеграция	"Дейност 323 ""Училища по културата и училища по изкуствата"""	Капиталови разходи (§ 51-00, § 54-00, § 55-00)	2018	202698	0
Мотивирани и креативни учители	"Дейност 324 ""Спортни училища"""	Персонал (§ 01-00, § 02-00, § 05-00)	2018	18486950	322472
Компетентности и таланти 	"Дейност 324 ""Спортни училища"""	Издръжка (§ 10-00, § 19-00)	2018	4192329	266569
Компетентности и таланти 	"Дейност 324 ""Спортни училища"""	Стипендии (§ 40-00)	2018	540068	63900
Образователни иновации, дигитална трансформация и устойчиво развитие	"Дейност 324 ""Спортни училища"""	Капиталови разходи (§ 52-00, § 53-00)	2018	282049	0
Ефективно включване, трайно приобщаване и образователна интеграция	"Дейност 324 ""Спортни училища"""	Капиталови разходи (§ 51-00, § 54-00, § 55-00)	2018	20450	613819
Мотивирани и креативни учители	"Дейност 325 ""Български училища в чужбина"""	Персонал (§ 01-00, § 02-00, § 05-00)	2018	1095897	0
Компетентности и таланти 	"Дейност 325 ""Български училища в чужбина"""	Издръжка (§ 10-00, § 19-00)	2018	1561804	0
Компетентности и таланти 	"Дейност 325 ""Български училища в чужбина"""	Предоставени текущи и капиталови трансфери за чужбина (§ 49-00) 	2018	10762449	0
Ефективно включване, трайно приобщаване и образователна интеграция	"Дейност 325 ""Български училища в чужбина"""	Капиталови разходи (§ 52-00, § 53-00)	2018	31920	0
Мотивирани и креативни учители	"Дейност 326 ""Професионални гимназии и паралелки за професионална подготовка"""	Персонал (§ 01-00, § 02-00, § 05-00)	2018	248043904	8751969
Реализация в професиите на настоящето и бъдещето	"Дейност 326 ""Професионални гимназии и паралелки за професионална подготовка"""	Издръжка (§ 10-00, § 19-00)	2018	54348699	11663487
Реализация в професиите на настоящето и бъдещето	"Дейност 326 ""Професионални гимназии и паралелки за професионална подготовка"""	Стипендии (§ 40-00)	2018	9928084	2651396
Реализация в професиите на настоящето и бъдещето	"Дейност 326 ""Професионални гимназии и паралелки за професионална подготовка"""	Текущи трансфери, обезщетения и помощи за домакинствата (§ 42-00) 	2018	74289	25590
Реализация в професиите на настоящето и бъдещето	"Дейност 326 ""Професионални гимназии и паралелки за професионална подготовка"""	Субсидии и разходи за членски внос (§ 43-00, § 45-00, § 46-00)	2018	120271	425298
Образователни иновации, дигитална трансформация и устойчиво развитие	"Дейност 326 ""Професионални гимназии и паралелки за професионална подготовка"""	Капиталови разходи (§ 52-00, § 53-00)	2018	5271764	2903971
Ефективно включване, трайно приобщаване и образователна интеграция	"Дейност 326 ""Професионални гимназии и паралелки за професионална подготовка"""	Капиталови разходи (§ 51-00, § 54-00, § 55-00)	2018	3386317	19079356
Мотивирани и креативни учители	"Дейност 327 ""Училища в места за лишаване от свобода"""	Персонал (§ 01-00, § 02-00, § 05-00)	2018	3428824	0
Ефективно включване, трайно приобщаване и образователна интеграция	"Дейност 327 ""Училища в места за лишаване от свобода"""	Издръжка (§ 10-00, § 19-00)	2018	278717	0
Образователни иновации, дигитална трансформация и устойчиво развитие	"Дейност 327 ""Училища в места за лишаване от свобода"""	Капиталови разходи (§ 52-00, § 53-00)	2018	17413	0
Ефективно включване, трайно приобщаване и образователна интеграция	"Дейност 332 ""Общежития"""	Персонал (§ 01-00, § 02-00, § 05-00)	2018	10282967	2622
Ефективно включване, трайно приобщаване и образователна интеграция	"Дейност 332 ""Общежития"""	Издръжка (§ 10-00, § 19-00)	2018	3922548	115233
Ефективно включване, трайно приобщаване и образователна интеграция	"Дейност 332 ""Общежития"""	Капиталови разходи (§ 52-00, § 53-00)	2018	47195	10533
Ефективно включване, трайно приобщаване и образователна интеграция	"Дейност 332 ""Общежития"""	Капиталови разходи (§ 51-00, § 54-00, § 55-00)	2018	533620	1175205
Сплотени училищни общности и системна работа с родителите	"Дейност 333 ""Ученически почивни лагери"""	Персонал (§ 01-00, § 02-00, § 05-00)	2018	54075	0
Сплотени училищни общности и системна работа с родителите	"Дейност 333 ""Ученически почивни лагери"""	Издръжка (§ 10-00, § 19-00)	2018	241050	0
Сплотени училищни общности и системна работа с родителите	"Дейност 333 ""Ученически почивни лагери"""	Капиталови разходи (§ 52-00, § 53-00)	2018	10488	0
Мотивирани и креативни учители	"Дейност 334 ""Повишаване на квалификацията"""	Персонал (§ 01-00, § 02-00, § 05-00)	2018	353052	2661
Мотивирани и креативни учители	"Дейност 334 ""Повишаване на квалификацията"""	Издръжка (§ 10-00, § 19-00)	2018	427095	5569
Мотивирани и креативни учители	"Дейност 334 ""Повишаване на квалификацията"""	Капиталови разходи (§ 52-00, § 53-00)	2018	53928	0
Ефективно включване, трайно приобщаване и образователна интеграция	"Дейност 336 ""Столове"""	Персонал (§ 01-00, § 02-00, § 05-00)	2018	4739411	0
Ефективно включване, трайно приобщаване и образователна интеграция	"Дейност 336 ""Столове"""	Издръжка (§ 10-00, § 19-00)	2018	2649085	0
Ефективно включване, трайно приобщаване и образователна интеграция	"Дейност 336 ""Столове"""	Предоставени текущи и капиталови трансфери за чужбина (§ 49-00) 	2018	0	13039
Ефективно включване, трайно приобщаване и образователна интеграция	"Дейност 336 ""Столове"""	Капиталови разходи (§ 52-00, § 53-00)	2018	111666	0
Компетентности и таланти 	"Дейност 337 ""Център за подкрепа за личностно развитие"""	Персонал (§ 01-00, § 02-00, § 05-00)	2018	17099061	323472
Компетентности и таланти 	"Дейност 337 ""Център за подкрепа за личностно развитие"""	Издръжка (§ 10-00, § 19-00)	2018	4121529	150990
Компетентности и таланти 	"Дейност 337 ""Център за подкрепа за личностно развитие"""	Стипендии (§ 40-00)	2018	280	15000
Компетентности и таланти 	"Дейност 337 ""Център за подкрепа за личностно развитие"""	Текущи трансфери, обезщетения и помощи за домакинствата (§ 42-00) 	2018	38671	0
Компетентности и таланти 	"Дейност 337 ""Център за подкрепа за личностно развитие"""	Субсидии и разходи за членски внос (§ 43-00, § 45-00, § 46-00)	2018	1248	0
Образователни иновации, дигитална трансформация и устойчиво развитие	"Дейност 337 ""Център за подкрепа за личностно развитие"""	Капиталови разходи (§ 52-00, § 53-00)	2018	773562	3041
Ефективно включване, трайно приобщаване и образователна интеграция	"Дейност 337 ""Център за подкрепа за личностно развитие"""	Капиталови разходи (§ 51-00, § 54-00, § 55-00)	2018	124252	475227
Ефективно включване, трайно приобщаване и образователна интеграция	"Дейност 338 ""Ресурсно подпомагане"""	Персонал (§ 01-00, § 02-00, § 05-00)	2018	34664136	28238
Ефективно включване, трайно приобщаване и образователна интеграция	"Дейност 338 ""Ресурсно подпомагане"""	Издръжка (§ 10-00, § 19-00)	2018	7439686	46684
Образователни иновации, дигитална трансформация и устойчиво развитие	"Дейност 338 ""Ресурсно подпомагане"""	Капиталови разходи (§ 52-00, § 53-00)	2018	442829	9770
Ефективно включване, трайно приобщаване и образователна интеграция	"Дейност 338 ""Ресурсно подпомагане"""	Капиталови разходи (§ 51-00, § 54-00, § 55-00)	2018	12797	0
Компетентности и таланти 	"Дейност 359 ""Други дейности за децата"""	Персонал (§ 01-00, § 02-00, § 05-00)	2018	61742	64635
Ранно детско развитие 	"Дейност 359 ""Други дейности за децата"""	Издръжка (§ 10-00, § 19-00)	2018	54820	90312
Ранно детско развитие 	"Дейност 359 ""Други дейности за децата"""	Субсидии и разходи за членски внос (§ 43-00, § 45-00, § 46-00)	2018	0	16000
Образователни иновации, дигитална трансформация и устойчиво развитие	"Дейност 359 ""Други дейности за децата"""	Капиталови разходи (§ 52-00, § 53-00)	2018	28025	0
Компетентности и таланти 	"Дейност 369 ""Други дейности за младежта"""	Персонал (§ 01-00, § 02-00, § 05-00)	2018	1068028	297081
Компетентности и таланти 	"Дейност 369 ""Други дейности за младежта"""	Издръжка (§ 10-00, § 19-00)	2018	1200392	47647
Компетентности и таланти 	"Дейност 369 ""Други дейности за младежта"""	Текущи трансфери, обезщетения и помощи за домакинствата (§ 42-00) 	2018	9077	0
Компетентности и таланти 	"Дейност 369 ""Други дейности за младежта"""	Субсидии и разходи за членски внос (§ 43-00, § 45-00, § 46-00)	2018	472507	0
Образователни иновации, дигитална трансформация и устойчиво развитие	"Дейност 369 ""Други дейности за младежта"""	Капиталови разходи (§ 52-00, § 53-00)	2018	114363	1020
Ефективно включване, трайно приобщаване и образователна интеграция	"Дейност 369 ""Други дейности за младежта"""	Капиталови разходи (§ 51-00, § 54-00, § 55-00)	2018	41491	0
Учене през целия живот 	"Дейност 388 ""Международни програми и споразумения, дарения и помощи от чужбина"""	Персонал (§ 01-00, § 02-00, § 05-00)	2018	331096	712584
Учене през целия живот 	"Дейност 388 ""Международни програми и споразумения, дарения и помощи от чужбина"""	Издръжка (§ 10-00, § 19-00)	2018	267394	3687956
Учене през целия живот 	"Дейност 388 ""Международни програми и споразумения, дарения и помощи от чужбина"""	Стипендии (§ 40-00)	2018	222681	12928
Учене през целия живот 	"Дейност 388 ""Международни програми и споразумения, дарения и помощи от чужбина"""	Текущи трансфери, обезщетения и помощи за домакинствата (§ 42-00) 	2018	971	241049
Учене през целия живот 	"Дейност 388 ""Международни програми и споразумения, дарения и помощи от чужбина"""	Субсидии и разходи за членски внос (§ 43-00, § 45-00, § 46-00)	2018	0	167921
Учене през целия живот 	"Дейност 388 ""Международни програми и споразумения, дарения и помощи от чужбина"""	Предоставени текущи и капиталови трансфери за чужбина (§ 49-00) 	2018	0	395185
Учене през целия живот 	"Дейност 388 ""Международни програми и споразумения, дарения и помощи от чужбина"""	Капиталови разходи (§ 52-00, § 53-00)	2018	68833	612272
Компетентности и таланти 	"Дейност 389 ""Други дейности по образованието"""	Персонал (§ 01-00, § 02-00, § 05-00)	2018	1735315	0
Ефективно включване, трайно приобщаване и образователна интеграция	"Дейност 389 ""Други дейности по образованието"""	Персонал (§ 01-00, § 02-00, § 05-00)	2018	163193	0
Образователни иновации, дигитална трансформация и устойчиво развитие	"Дейност 389 ""Други дейности по образованието"""	Персонал (§ 01-00, § 02-00, § 05-00)	2018	445401	0
Реализация в професиите на настоящето и бъдещето	"Дейност 389 ""Други дейности по образованието"""	Персонал (§ 01-00, § 02-00, § 05-00)	2018	30759	0
Учене през целия живот 	"Дейност 389 ""Други дейности по образованието"""	Персонал (§ 01-00, § 02-00, § 05-00)	2018	705624	0
Ефикасно управление и участие в мрежи	"Дейност 389 ""Други дейности по образованието"""	Персонал (§ 01-00, § 02-00, § 05-00)	2018	15416392	5350986
Компетентности и таланти 	"Дейност 389 ""Други дейности по образованието"""	Издръжка (§ 10-00, § 19-00)	2018	741206	0
Ефективно включване, трайно приобщаване и образователна интеграция	"Дейност 389 ""Други дейности по образованието"""	Издръжка (§ 10-00, § 19-00)	2018	178921	0
Образователни иновации, дигитална трансформация и устойчиво развитие	"Дейност 389 ""Други дейности по образованието"""	Издръжка (§ 10-00, § 19-00)	2018	701937	0
Реализация в професиите на настоящето и бъдещето	"Дейност 389 ""Други дейности по образованието"""	Издръжка (§ 10-00, § 19-00)	2018	77718	0
Учене през целия живот 	"Дейност 389 ""Други дейности по образованието"""	Издръжка (§ 10-00, § 19-00)	2018	352322	0
Ефикасно управление и участие в мрежи	"Дейност 389 ""Други дейности по образованието"""	Издръжка (§ 10-00, § 19-00)	2018	50387858	4157536
Ефикасно управление и участие в мрежи	"Дейност 389 ""Други дейности по образованието"""	Стипендии (§ 40-00)	2018	306248	18000
Ефикасно управление и участие в мрежи	"Дейност 389 ""Други дейности по образованието"""	Текущи трансфери, обезщетения и помощи за домакинствата (§ 42-00) 	2018	293955	0
Ефикасно управление и участие в мрежи	"Дейност 389 ""Други дейности по образованието"""	Субсидии и разходи за членски внос (§ 43-00, § 45-00, § 46-00)	2018	1244187	21081753
Ефикасно управление и участие в мрежи	"Дейност 389 ""Други дейности по образованието"""	Предоставени текущи и капиталови трансфери за чужбина (§ 49-00) 	2018	310979	90946
Компетентности и таланти 	"Дейност 389 ""Други дейности по образованието"""	Капиталови разходи (§ 52-00, § 53-00)	2018	124633	0
Образователни иновации, дигитална трансформация и устойчиво развитие	"Дейност 389 ""Други дейности по образованието"""	Капиталови разходи (§ 52-00, § 53-00)	2018	46440	0
Ефикасно управление и участие в мрежи	"Дейност 389 ""Други дейности по образованието"""	Капиталови разходи (§ 52-00, § 53-00)	2018	32437384	13128444
Ефикасно управление и участие в мрежи	"Дейност 389 ""Други дейности по образованието"""	Капиталови разходи (§ 51-00, § 54-00, § 55-00)	2018	4430659	55928946
Реализация в професиите на настоящето и бъдещето	"Дейност 301 ""Управление, контрол, регулиране и лицензиране на дейности по образованието"""	Персонал (§ 01-00, § 02-00, § 05-00)	2019	461492	0
Ефикасно управление и участие в мрежи	"Дейност 301 ""Управление, контрол, регулиране и лицензиране на дейности по образованието"""	Персонал (§ 01-00, § 02-00, § 05-00)	2019	14180860	1248609
Реализация в професиите на настоящето и бъдещето	"Дейност 301 ""Управление, контрол, регулиране и лицензиране на дейности по образованието"""	Издръжка (§ 10-00, § 19-00)	2019	122670	0
Ефикасно управление и участие в мрежи	"Дейност 301 ""Управление, контрол, регулиране и лицензиране на дейности по образованието"""	Издръжка (§ 10-00, § 19-00)	2019	3916538	2490771
Ефикасно управление и участие в мрежи	"Дейност 301 ""Управление, контрол, регулиране и лицензиране на дейности по образованието"""	Субсидии и разходи за членски внос (§ 43-00, § 45-00, § 46-00)	2019	0	36967
Реализация в професиите на настоящето и бъдещето	"Дейност 301 ""Управление, контрол, регулиране и лицензиране на дейности по образованието"""	Капиталови разходи (§ 52-00, § 53-00)	2019	6315	0
Ефикасно управление и участие в мрежи	"Дейност 301 ""Управление, контрол, регулиране и лицензиране на дейности по образованието"""	Капиталови разходи (§ 52-00, § 53-00)	2019	289449	0
Ранно детско развитие 	"Дейност 311 ""Детски градини """	Персонал (§ 01-00, § 02-00, § 05-00)	2019	590512575	1431504
Ранно детско развитие 	"Дейност 311 ""Детски градини """	Издръжка (§ 10-00, § 19-00)	2019	176362113	2485082
Ранно детско развитие 	"Дейност 311 ""Детски градини """	Текущи трансфери, обезщетения и помощи за домакинствата (§ 42-00) 	2019	11878	3032
Ранно детско развитие 	"Дейност 311 ""Детски градини """	Субсидии и разходи за членски внос (§ 43-00, § 45-00, § 46-00)	2019	451239	53945
Ранно детско развитие 	"Дейност 311 ""Детски градини """	Предоставени текущи и капиталови трансфери за чужбина (§ 49-00) 	2019	0	179603
Образователни иновации, дигитална трансформация и устойчиво развитие	"Дейност 311 ""Детски градини """	Капиталови разходи (§ 52-00, § 53-00)	2019	30261351	2691099
Ефективно включване, трайно приобщаване и образователна интеграция	"Дейност 311 ""Детски градини """	Капиталови разходи (§ 51-00, § 54-00, § 55-00)	2019	13378649	20634273
Ранно детско развитие 	"Дейност 312 ""Специални групи в детски градини за деца със СОП"""	Персонал (§ 01-00, § 02-00, § 05-00)	2019	3616292	2506
Ефективно включване, трайно приобщаване и образователна интеграция	"Дейност 312 ""Специални групи в детски градини за деца със СОП"""	Издръжка (§ 10-00, § 19-00)	2019	590112	0
Образователни иновации, дигитална трансформация и устойчиво развитие	"Дейност 312 ""Специални групи в детски градини за деца със СОП"""	Капиталови разходи (§ 52-00, § 53-00)	2019	3319	0
Ранно детско развитие 	"Дейност 318 ""Подготвителна група в училище"""	Персонал (§ 01-00, § 02-00, § 05-00)	2019	16390168	42246
Ранно детско развитие 	"Дейност 318 ""Подготвителна група в училище"""	Издръжка (§ 10-00, § 19-00)	2019	5242736	36449
Ранно детско развитие 	"Дейност 318 ""Подготвителна група в училище"""	Текущи трансфери, обезщетения и помощи за домакинствата (§ 42-00) 	2019	5000	0
Образователни иновации, дигитална трансформация и устойчиво развитие	"Дейност 318 ""Подготвителна група в училище"""	Капиталови разходи (§ 52-00, § 53-00)	2019	23290	0
Ефективно включване, трайно приобщаване и образователна интеграция	"Дейност 321 ""Специални училища и центрове за специална образователна подкрепа"""	Персонал (§ 01-00, § 02-00, § 05-00)	2019	33840545	75007
Ефективно включване, трайно приобщаване и образователна интеграция	"Дейност 321 ""Специални училища и центрове за специална образователна подкрепа"""	Издръжка (§ 10-00, § 19-00)	2019	8011928	34057
Ефективно включване, трайно приобщаване и образователна интеграция	"Дейност 321 ""Специални училища и центрове за специална образователна подкрепа"""	Стипендии (§ 40-00)	2019	191353	0
Ефективно включване, трайно приобщаване и образователна интеграция	"Дейност 321 ""Специални училища и центрове за специална образователна подкрепа"""	Капиталови разходи (§ 52-00, § 53-00)	2019	644549	2119
Ефективно включване, трайно приобщаване и образователна интеграция	"Дейност 321 ""Специални училища и центрове за специална образователна подкрепа"""	Капиталови разходи (§ 51-00, § 54-00, § 55-00)	2019	743106	0
Мотивирани и креативни учители	"Дейност 322 ""Неспециализирани училища, без професионални гимназии"""	Персонал (§ 01-00, § 02-00, § 05-00)	2019	1389456177	12666046
Мотивирани и креативни учители	"Дейност 322 ""Неспециализирани училища, без професионални гимназии"""	Издръжка (§ 10-00, § 19-00)	2019	818084	0
Сплотени училищни общности и системна работа с родителите	"Дейност 322 ""Неспециализирани училища, без професионални гимназии"""	Издръжка (§ 10-00, § 19-00)	2019	697168	0
Ефективно включване, трайно приобщаване и образователна интеграция	"Дейност 322 ""Неспециализирани училища, без професионални гимназии"""	Издръжка (§ 10-00, § 19-00)	2019	220053604	12968381
Компетентности и таланти 	"Дейност 322 ""Неспециализирани училища, без професионални гимназии"""	Стипендии (§ 40-00)	2019	14724315	1383929
Ефективно включване, трайно приобщаване и образователна интеграция	"Дейност 322 ""Неспециализирани училища, без професионални гимназии"""	Текущи трансфери, обезщетения и помощи за домакинствата (§ 42-00) 	2019	316067	141388
Ефективно включване, трайно приобщаване и образователна интеграция	"Дейност 322 ""Неспециализирани училища, без професионални гимназии"""	Субсидии и разходи за членски внос (§ 43-00, § 45-00, § 46-00)	2019	2246587	453653
Ефективно включване, трайно приобщаване и образователна интеграция	"Дейност 322 ""Неспециализирани училища, без професионални гимназии"""	Предоставени текущи и капиталови трансфери за чужбина (§ 49-00) 	2019	0	158562
Образователни иновации, дигитална трансформация и устойчиво развитие	"Дейност 322 ""Неспециализирани училища, без професионални гимназии"""	Капиталови разходи (§ 52-00, § 53-00)	2019	37654546	1632061
Ефективно включване, трайно приобщаване и образователна интеграция	"Дейност 322 ""Неспециализирани училища, без професионални гимназии"""	Капиталови разходи (§ 51-00, § 54-00, § 55-00)	2019	27865923	51238176
Мотивирани и креативни учители	"Дейност 323 ""Училища по културата и училища по изкуствата"""	Персонал (§ 01-00, § 02-00, § 05-00)	2019	34471060	86821
Компетентности и таланти 	"Дейност 323 ""Училища по културата и училища по изкуствата"""	Издръжка (§ 10-00, § 19-00)	2019	5304653	92735
Компетентности и таланти 	"Дейност 323 ""Училища по културата и училища по изкуствата"""	Стипендии (§ 40-00)	2019	1029990	0
Компетентности и таланти 	"Дейност 323 ""Училища по културата и училища по изкуствата"""	Текущи трансфери, обезщетения и помощи за домакинствата (§ 42-00) 	2019	4662	0
Компетентности и таланти 	"Дейност 323 ""Училища по културата и училища по изкуствата"""	Субсидии и разходи за членски внос (§ 43-00, § 45-00, § 46-00)	2019	336	0
Образователни иновации, дигитална трансформация и устойчиво развитие	"Дейност 323 ""Училища по културата и училища по изкуствата"""	Капиталови разходи (§ 52-00, § 53-00)	2019	539961	0
Ефективно включване, трайно приобщаване и образователна интеграция	"Дейност 323 ""Училища по културата и училища по изкуствата"""	Капиталови разходи (§ 51-00, § 54-00, § 55-00)	2019	2442	0
Мотивирани и креативни учители	"Дейност 324 ""Спортни училища"""	Персонал (§ 01-00, § 02-00, § 05-00)	2019	21919034	96422
Компетентности и таланти 	"Дейност 324 ""Спортни училища"""	Издръжка (§ 10-00, § 19-00)	2019	4047328	165547
Компетентности и таланти 	"Дейност 324 ""Спортни училища"""	Стипендии (§ 40-00)	2019	567771	0
Компетентности и таланти 	"Дейност 324 ""Спортни училища"""	Текущи трансфери, обезщетения и помощи за домакинствата (§ 42-00) 	2019	3104	0
Компетентности и таланти 	"Дейност 324 ""Спортни училища"""	Субсидии и разходи за членски внос (§ 43-00, § 45-00, § 46-00)	2019	15	0
Образователни иновации, дигитална трансформация и устойчиво развитие	"Дейност 324 ""Спортни училища"""	Капиталови разходи (§ 52-00, § 53-00)	2019	984116	0
Ефективно включване, трайно приобщаване и образователна интеграция	"Дейност 324 ""Спортни училища"""	Капиталови разходи (§ 51-00, § 54-00, § 55-00)	2019	18506	276893
Мотивирани и креативни учители	"Дейност 325 ""Български училища в чужбина"""	Персонал (§ 01-00, § 02-00, § 05-00)	2019	1269631	0
Компетентности и таланти 	"Дейност 325 ""Български училища в чужбина"""	Издръжка (§ 10-00, § 19-00)	2019	1635185	0
Компетентности и таланти 	"Дейност 325 ""Български училища в чужбина"""	Предоставени текущи и капиталови трансфери за чужбина (§ 49-00) 	2019	12283554	0
Ефективно включване, трайно приобщаване и образователна интеграция	"Дейност 325 ""Български училища в чужбина"""	Капиталови разходи (§ 52-00, § 53-00)	2019	7260	0
Мотивирани и креативни учители	"Дейност 326 ""Професионални гимназии и паралелки за професионална подготовка"""	Персонал (§ 01-00, § 02-00, § 05-00)	2019	296355392	2561509
Реализация в професиите на настоящето и бъдещето	"Дейност 326 ""Професионални гимназии и паралелки за професионална подготовка"""	Издръжка (§ 10-00, § 19-00)	2019	59485459	12201407
Реализация в професиите на настоящето и бъдещето	"Дейност 326 ""Професионални гимназии и паралелки за професионална подготовка"""	Стипендии (§ 40-00)	2019	10857579	362797
Реализация в професиите на настоящето и бъдещето	"Дейност 326 ""Професионални гимназии и паралелки за професионална подготовка"""	Текущи трансфери, обезщетения и помощи за домакинствата (§ 42-00) 	2019	106477	66612
Реализация в професиите на настоящето и бъдещето	"Дейност 326 ""Професионални гимназии и паралелки за професионална подготовка"""	Субсидии и разходи за членски внос (§ 43-00, § 45-00, § 46-00)	2019	112090	230120
Образователни иновации, дигитална трансформация и устойчиво развитие	"Дейност 326 ""Професионални гимназии и паралелки за професионална подготовка"""	Капиталови разходи (§ 52-00, § 53-00)	2019	5000881	556888
Ефективно включване, трайно приобщаване и образователна интеграция	"Дейност 326 ""Професионални гимназии и паралелки за професионална подготовка"""	Капиталови разходи (§ 51-00, § 54-00, § 55-00)	2019	3935631	3539735
Мотивирани и креативни учители	"Дейност 327 ""Училища в места за лишаване от свобода"""	Персонал (§ 01-00, § 02-00, § 05-00)	2019	3727987	0
Ефективно включване, трайно приобщаване и образователна интеграция	"Дейност 327 ""Училища в места за лишаване от свобода"""	Издръжка (§ 10-00, § 19-00)	2019	312634	0
Образователни иновации, дигитална трансформация и устойчиво развитие	"Дейност 327 ""Училища в места за лишаване от свобода"""	Капиталови разходи (§ 52-00, § 53-00)	2019	23662	0
Ефективно включване, трайно приобщаване и образователна интеграция	"Дейност 332 ""Общежития"""	Персонал (§ 01-00, § 02-00, § 05-00)	2019	11846042	0
Ефективно включване, трайно приобщаване и образователна интеграция	"Дейност 332 ""Общежития"""	Издръжка (§ 10-00, § 19-00)	2019	4188564	0
Ефективно включване, трайно приобщаване и образователна интеграция	"Дейност 332 ""Общежития"""	Текущи трансфери, обезщетения и помощи за домакинствата (§ 42-00) 	2019	1937	0
Ефективно включване, трайно приобщаване и образователна интеграция	"Дейност 332 ""Общежития"""	Капиталови разходи (§ 52-00, § 53-00)	2019	83979	0
Ефективно включване, трайно приобщаване и образователна интеграция	"Дейност 332 ""Общежития"""	Капиталови разходи (§ 51-00, § 54-00, § 55-00)	2019	203148	0
Сплотени училищни общности и системна работа с родителите	"Дейност 333 ""Ученически почивни лагери"""	Персонал (§ 01-00, § 02-00, § 05-00)	2019	66022	2840
Сплотени училищни общности и системна работа с родителите	"Дейност 333 ""Ученически почивни лагери"""	Издръжка (§ 10-00, § 19-00)	2019	196179	0
Сплотени училищни общности и системна работа с родителите	"Дейност 333 ""Ученически почивни лагери"""	Капиталови разходи (§ 51-00, § 54-00, § 55-00)	2019	0	2751
Мотивирани и креативни учители	"Дейност 334 ""Повишаване на квалификацията"""	Персонал (§ 01-00, § 02-00, § 05-00)	2019	419997	27856
Мотивирани и креативни учители	"Дейност 334 ""Повишаване на квалификацията"""	Издръжка (§ 10-00, § 19-00)	2019	401900	110596
Образователни иновации, дигитална трансформация и устойчиво развитие	"Дейност 334 ""Повишаване на квалификацията"""	Капиталови разходи (§ 52-00, § 53-00)	2019	93646	0
Ефективно включване, трайно приобщаване и образователна интеграция	"Дейност 336 ""Столове"""	Персонал (§ 01-00, § 02-00, § 05-00)	2019	5021609	0
Ефективно включване, трайно приобщаване и образователна интеграция	"Дейност 336 ""Столове"""	Издръжка (§ 10-00, § 19-00)	2019	2503475	0
Ефективно включване, трайно приобщаване и образователна интеграция	"Дейност 336 ""Столове"""	Капиталови разходи (§ 52-00, § 53-00)	2019	72112	0
Компетентности и таланти 	"Дейност 337 ""Център за подкрепа за личностно развитие"""	Персонал (§ 01-00, § 02-00, § 05-00)	2019	20777309	22130
Компетентности и таланти 	"Дейност 337 ""Център за подкрепа за личностно развитие"""	Издръжка (§ 10-00, § 19-00)	2019	4465845	28426
Компетентности и таланти 	"Дейност 337 ""Център за подкрепа за личностно развитие"""	Стипендии (§ 40-00)	2019	4760	0
Компетентности и таланти 	"Дейност 337 ""Център за подкрепа за личностно развитие"""	Текущи трансфери, обезщетения и помощи за домакинствата (§ 42-00) 	2019	9240	0
Компетентности и таланти 	"Дейност 337 ""Център за подкрепа за личностно развитие"""	Субсидии и разходи за членски внос (§ 43-00, § 45-00, § 46-00)	2019	2450	0
Компетентности и таланти 	"Дейност 337 ""Център за подкрепа за личностно развитие"""	Капиталови разходи (§ 52-00, § 53-00)	2019	392088	0
Компетентности и таланти 	"Дейност 337 ""Център за подкрепа за личностно развитие"""	Капиталови разходи (§ 51-00, § 54-00, § 55-00)	2019	1649177	142374
Ефективно включване, трайно приобщаване и образователна интеграция	"Дейност 337 ""Център за подкрепа за личностно развитие"""	Капиталови разходи (§ 51-00, § 54-00, § 55-00)	2019	1649177	142374
Ефективно включване, трайно приобщаване и образователна интеграция	"Дейност 338 ""Ресурсно подпомагане"""	Персонал (§ 01-00, § 02-00, § 05-00)	2019	45237718	9645
Ефективно включване, трайно приобщаване и образователна интеграция	"Дейност 338 ""Ресурсно подпомагане"""	Издръжка (§ 10-00, § 19-00)	2019	9483322	50266
Ефективно включване, трайно приобщаване и образователна интеграция	"Дейност 338 ""Ресурсно подпомагане"""	Капиталови разходи (§ 52-00, § 53-00)	2019	332160	4146
Ефективно включване, трайно приобщаване и образователна интеграция	"Дейност 338 ""Ресурсно подпомагане"""	Капиталови разходи (§ 51-00, § 54-00, § 55-00)	2019	94259	0
Компетентности и таланти 	"Дейност 359 ""Други дейности за децата"""	Персонал (§ 01-00, § 02-00, § 05-00)	2019	17120	10346
Ранно детско развитие 	"Дейност 359 ""Други дейности за децата"""	Издръжка (§ 10-00, § 19-00)	2019	19834	3083
Ранно детско развитие 	"Дейност 359 ""Други дейности за децата"""	Субсидии и разходи за членски внос (§ 43-00, § 45-00, § 46-00)	2019	0	21828
Образователни иновации, дигитална трансформация и устойчиво развитие	"Дейност 359 ""Други дейности за децата"""	Капиталови разходи (§ 52-00, § 53-00)	2019	147797	0
Ефективно включване, трайно приобщаване и образователна интеграция	"Дейност 359 ""Други дейности за децата"""	Капиталови разходи (§ 51-00, § 54-00, § 55-00)	2019	44376	229532
Компетентности и таланти 	"Дейност 369 ""Други дейности за младежта"""	Персонал (§ 01-00, § 02-00, § 05-00)	2019	1214917	8515
Компетентности и таланти 	"Дейност 369 ""Други дейности за младежта"""	Издръжка (§ 10-00, § 19-00)	2019	1300931	22492
Компетентности и таланти 	"Дейност 369 ""Други дейности за младежта"""	Стипендии (§ 40-00)	2019	900	0
Компетентности и таланти 	"Дейност 369 ""Други дейности за младежта"""	Текущи трансфери, обезщетения и помощи за домакинствата (§ 42-00) 	2019	3384	4764
Компетентности и таланти 	"Дейност 369 ""Други дейности за младежта"""	Субсидии и разходи за членски внос (§ 43-00, § 45-00, § 46-00)	2019	506217	0
Компетентности и таланти 	"Дейност 369 ""Други дейности за младежта"""	Предоставени текущи и капиталови трансфери за чужбина (§ 49-00) 	2019	0	18300
Компетентности и таланти 	"Дейност 369 ""Други дейности за младежта"""	Капиталови разходи (§ 52-00, § 53-00)	2019	61464	1295
Компетентности и таланти 	"Дейност 369 ""Други дейности за младежта"""	Капиталови разходи (§ 51-00, § 54-00, § 55-00)	2019	27981	0
Учене през целия живот 	"Дейност 388 ""Международни програми и споразумения, дарения и помощи от чужбина"""	Персонал (§ 01-00, § 02-00, § 05-00)	2019	66997	563452
Учене през целия живот 	"Дейност 388 ""Международни програми и споразумения, дарения и помощи от чужбина"""	Издръжка (§ 10-00, § 19-00)	2019	248522	4654957
Учене през целия живот 	"Дейност 388 ""Международни програми и споразумения, дарения и помощи от чужбина"""	Стипендии (§ 40-00)	2019	0	15100
Учене през целия живот 	"Дейност 388 ""Международни програми и споразумения, дарения и помощи от чужбина"""	Текущи трансфери, обезщетения и помощи за домакинствата (§ 42-00) 	2019	0	488208
Учене през целия живот 	"Дейност 388 ""Международни програми и споразумения, дарения и помощи от чужбина"""	Субсидии и разходи за членски внос (§ 43-00, § 45-00, § 46-00)	2019	0	80985
Учене през целия живот 	"Дейност 388 ""Международни програми и споразумения, дарения и помощи от чужбина"""	Предоставени текущи и капиталови трансфери за чужбина (§ 49-00) 	2019	0	307637
Учене през целия живот 	"Дейност 388 ""Международни програми и споразумения, дарения и помощи от чужбина"""	Капиталови разходи (§ 52-00, § 53-00)	2019	8737	823998
Учене през целия живот 	"Дейност 388 ""Международни програми и споразумения, дарения и помощи от чужбина"""	Капиталови разходи (§ 51-00, § 54-00, § 55-00)	2019	0	765068
Компетентности и таланти 	"Дейност 389 ""Други дейности по образованието"""	Персонал (§ 01-00, § 02-00, § 05-00)	2019	1148311	0
Ефективно включване, трайно приобщаване и образователна интеграция	"Дейност 389 ""Други дейности по образованието"""	Персонал (§ 01-00, § 02-00, § 05-00)	2019	171916	0
Образователни иновации, дигитална трансформация и устойчиво развитие	"Дейност 389 ""Други дейности по образованието"""	Персонал (§ 01-00, § 02-00, § 05-00)	2019	531455	0
Реализация в професиите на настоящето и бъдещето	"Дейност 389 ""Други дейности по образованието"""	Персонал (§ 01-00, § 02-00, § 05-00)	2019	33691	0
Учене през целия живот 	"Дейност 389 ""Други дейности по образованието"""	Персонал (§ 01-00, § 02-00, § 05-00)	2019	261999	0
Ефикасно управление и участие в мрежи	"Дейност 389 ""Други дейности по образованието"""	Персонал (§ 01-00, § 02-00, § 05-00)	2019	17341787	6450476
Компетентности и таланти 	"Дейност 389 ""Други дейности по образованието"""	Издръжка (§ 10-00, § 19-00)	2019	794114	0
Ефективно включване, трайно приобщаване и образователна интеграция	"Дейност 389 ""Други дейности по образованието"""	Издръжка (§ 10-00, § 19-00)	2019	191562	0
Образователни иновации, дигитална трансформация и устойчиво развитие	"Дейност 389 ""Други дейности по образованието"""	Издръжка (§ 10-00, § 19-00)	2019	676173	0
Реализация в професиите на настоящето и бъдещето	"Дейност 389 ""Други дейности по образованието"""	Издръжка (§ 10-00, § 19-00)	2019	84215	0
Учене през целия живот 	"Дейност 389 ""Други дейности по образованието"""	Издръжка (§ 10-00, § 19-00)	2019	349195	0
Ефикасно управление и участие в мрежи	"Дейност 389 ""Други дейности по образованието"""	Издръжка (§ 10-00, § 19-00)	2019	52437855	6061759
Ефикасно управление и участие в мрежи	"Дейност 389 ""Други дейности по образованието"""	Стипендии (§ 40-00)	2019	391476	0
Ефикасно управление и участие в мрежи	"Дейност 389 ""Други дейности по образованието"""	Текущи трансфери, обезщетения и помощи за домакинствата (§ 42-00) 	2019	339604	10722
Ефикасно управление и участие в мрежи	"Дейност 389 ""Други дейности по образованието"""	Субсидии и разходи за членски внос (§ 43-00, § 45-00, § 46-00)	2019	1120405	27604919
Ефикасно управление и участие в мрежи	"Дейност 389 ""Други дейности по образованието"""	Предоставени текущи и капиталови трансфери за чужбина (§ 49-00) 	2019	276593	182350
Компетентности и таланти 	"Дейност 389 ""Други дейности по образованието"""	Капиталови разходи (§ 52-00, § 53-00)	2019	102192	0
Образователни иновации, дигитална трансформация и устойчиво развитие	"Дейност 389 ""Други дейности по образованието"""	Капиталови разходи (§ 52-00, § 53-00)	2019	96805	0
Ефикасно управление и участие в мрежи	"Дейност 389 ""Други дейности по образованието"""	Капиталови разходи (§ 52-00, § 53-00)	2019	54073781	4598120
Компетентности и таланти 	"Дейност 389 ""Други дейности по образованието"""	Капиталови разходи (§ 51-00, § 54-00, § 55-00)	2019	86237	0
Образователни иновации, дигитална трансформация и устойчиво развитие	"Дейност 389 ""Други дейности по образованието"""	Капиталови разходи (§ 51-00, § 54-00, § 55-00)	2019	508562	0
Ефикасно управление и участие в мрежи	"Дейност 389 ""Други дейности по образованието"""	Капиталови разходи (§ 51-00, § 54-00, § 55-00)	2019	2106095	28840592
Реализация в професиите на настоящето и бъдещето	"Дейност 301 ""Управление, контрол, регулиране и лицензиране на дейности по образованието"""	Персонал (§ 01-00, § 02-00, § 05-00)	2020	481140	0
Ефикасно управление и участие в мрежи	"Дейност 301 ""Управление, контрол, регулиране и лицензиране на дейности по образованието"""	Персонал (§ 01-00, § 02-00, § 05-00)	2020	15941314	2314120
Реализация в професиите на настоящето и бъдещето	"Дейност 301 ""Управление, контрол, регулиране и лицензиране на дейности по образованието"""	Издръжка (§ 10-00, § 19-00)	2020	135451	0
Ефикасно управление и участие в мрежи	"Дейност 301 ""Управление, контрол, регулиране и лицензиране на дейности по образованието"""	Издръжка (§ 10-00, § 19-00)	2020	4383864	2151318
Ефикасно управление и участие в мрежи	"Дейност 301 ""Управление, контрол, регулиране и лицензиране на дейности по образованието"""	Текущи трансфери, обезщетения и помощи за домакинствата (§ 42-00) 	2020	1020	0
Реализация в професиите на настоящето и бъдещето	"Дейност 301 ""Управление, контрол, регулиране и лицензиране на дейности по образованието"""	Капиталови разходи (§ 52-00, § 53-00)	2020	12967	0
Ефикасно управление и участие в мрежи	"Дейност 301 ""Управление, контрол, регулиране и лицензиране на дейности по образованието"""	Капиталови разходи (§ 52-00, § 53-00)	2020	469500	0
Ранно детско развитие 	"Дейност 311 ""Детски градини """	Персонал (§ 01-00, § 02-00, § 05-00)	2020	663959844	10057330
Ранно детско развитие 	"Дейност 311 ""Детски градини """	Издръжка (§ 10-00, § 19-00)	2020	151641611	3779021
Сплотени училищни общности и системна работа с родителите	"Дейност 311 ""Детски градини """	Издръжка (§ 10-00, § 19-00)	2020	1155739	0
Ранно детско развитие 	"Дейност 311 ""Детски градини """	Текущи трансфери, обезщетения и помощи за домакинствата (§ 42-00) 	2020	6232	2087505
Ранно детско развитие 	"Дейност 311 ""Детски градини """	Субсидии и разходи за членски внос (§ 43-00, § 45-00, § 46-00)	2020	774420	0
Образователни иновации, дигитална трансформация и устойчиво развитие	"Дейност 311 ""Детски градини """	Предоставени текущи и капиталови трансфери за чужбина (§ 49-00) 	2020	0	38377
Образователни иновации, дигитална трансформация и устойчиво развитие	"Дейност 311 ""Детски градини """	Капиталови разходи (§ 52-00, § 53-00)	2020	29608143	2617514
Ефективно включване, трайно приобщаване и образователна интеграция	"Дейност 311 ""Детски градини """	Капиталови разходи (§ 51-00, § 54-00, § 55-00)	2020	10928795	16091812.000000002
Ранно детско развитие 	"Дейност 312 ""Специални групи в детски градини за деца със СОП"""	Персонал (§ 01-00, § 02-00, § 05-00)	2020	3946346.9999999995	22143
Ефективно включване, трайно приобщаване и образователна интеграция	"Дейност 312 ""Специални групи в детски градини за деца със СОП"""	Издръжка (§ 10-00, § 19-00)	2020	502841	1646
Образователни иновации, дигитална трансформация и устойчиво развитие	"Дейност 312 ""Специални групи в детски градини за деца със СОП"""	Капиталови разходи (§ 52-00, § 53-00)	2020	17651	0
Ранно детско развитие 	"Дейност 318 ""Подготвителна група в училище"""	Персонал (§ 01-00, § 02-00, § 05-00)	2020	18132814	377051.99999999994
Ранно детско развитие 	"Дейност 318 ""Подготвителна група в училище"""	Издръжка (§ 10-00, § 19-00)	2020	4766295.999999999	125047
Ранно детско развитие 	"Дейност 318 ""Подготвителна група в училище"""	Текущи трансфери, обезщетения и помощи за домакинствата (§ 42-00) 	2020	4458	1480
Образователни иновации, дигитална трансформация и устойчиво развитие	"Дейност 318 ""Подготвителна група в училище"""	Капиталови разходи (§ 52-00, § 53-00)	2020	33030	0
Ефективно включване, трайно приобщаване и образователна интеграция	"Дейност 318 ""Подготвителна група в училище"""	Капиталови разходи (§ 51-00, § 54-00, § 55-00)	2020	71477	0
Ефективно включване, трайно приобщаване и образователна интеграция	"Дейност 321 ""Специални училища и центрове за специална образователна подкрепа"""	Персонал (§ 01-00, § 02-00, § 05-00)	2020	39003321	49318.99999999999
Ефективно включване, трайно приобщаване и образователна интеграция	"Дейност 321 ""Специални училища и центрове за специална образователна подкрепа"""	Издръжка (§ 10-00, § 19-00)	2020	6736724	43024
Ефективно включване, трайно приобщаване и образователна интеграция	"Дейност 321 ""Специални училища и центрове за специална образователна подкрепа"""	Стипендии (§ 40-00)	2020	208188.00000000003	0
Образователни иновации, дигитална трансформация и устойчиво развитие	"Дейност 321 ""Специални училища и центрове за специална образователна подкрепа"""	Капиталови разходи (§ 52-00, § 53-00)	2020	622833	0
Ефективно включване, трайно приобщаване и образователна интеграция	"Дейност 321 ""Специални училища и центрове за специална образователна подкрепа"""	Капиталови разходи (§ 51-00, § 54-00, § 55-00)	2020	354411	0
Мотивирани и креативни учители	"Дейност 322 ""Неспециализирани училища, без професионални гимназии"""	Персонал (§ 01-00, § 02-00, § 05-00)	2020	1613955331	31876540
Ефективно включване, трайно приобщаване и образователна интеграция	"Дейност 322 ""Неспециализирани училища, без професионални гимназии"""	Издръжка (§ 10-00, § 19-00)	2020	217999095	12861756.000000002
Компетентности и таланти 	"Дейност 322 ""Неспециализирани училища, без професионални гимназии"""	Стипендии (§ 40-00)	2020	14767553	118203
Ефективно включване, трайно приобщаване и образователна интеграция	"Дейност 322 ""Неспециализирани училища, без професионални гимназии"""	Текущи трансфери, обезщетения и помощи за домакинствата (§ 42-00) 	2020	79220	113601
Ефективно включване, трайно приобщаване и образователна интеграция	"Дейност 322 ""Неспециализирани училища, без професионални гимназии"""	Субсидии и разходи за членски внос (§ 43-00, § 45-00, § 46-00)	2020	3979131	330462.99999999994
Ефективно включване, трайно приобщаване и образователна интеграция	"Дейност 322 ""Неспециализирани училища, без професионални гимназии"""	Предоставени текущи и капиталови трансфери за чужбина (§ 49-00) 	2020	0	456208
Образователни иновации, дигитална трансформация и устойчиво развитие	"Дейност 322 ""Неспециализирани училища, без професионални гимназии"""	Капиталови разходи (§ 52-00, § 53-00)	2020	37029531	3799218
Ефективно включване, трайно приобщаване и образователна интеграция	"Дейност 322 ""Неспециализирани училища, без професионални гимназии"""	Капиталови разходи (§ 51-00, § 54-00, § 55-00)	2020	22492225	33138186
Мотивирани и креативни учители	"Дейност 323 ""Училища по културата и училища по изкуствата"""	Персонал (§ 01-00, § 02-00, § 05-00)	2020	40621367	134653
Компетентности и таланти 	"Дейност 323 ""Училища по културата и училища по изкуствата"""	Издръжка (§ 10-00, § 19-00)	2020	4875510	80053
Компетентности и таланти 	"Дейност 323 ""Училища по културата и училища по изкуствата"""	Стипендии (§ 40-00)	2020	968678	0
Компетентности и таланти 	"Дейност 323 ""Училища по културата и училища по изкуствата"""	Текущи трансфери, обезщетения и помощи за домакинствата (§ 42-00) 	2020	1890	0
Компетентности и таланти 	"Дейност 323 ""Училища по културата и училища по изкуствата"""	Субсидии и разходи за членски внос (§ 43-00, § 45-00, § 46-00)	2020	36	0
Образователни иновации, дигитална трансформация и устойчиво развитие	"Дейност 323 ""Училища по културата и училища по изкуствата"""	Капиталови разходи (§ 52-00, § 53-00)	2020	634396	1062
Ефективно включване, трайно приобщаване и образователна интеграция	"Дейност 323 ""Училища по културата и училища по изкуствата"""	Капиталови разходи (§ 51-00, § 54-00, § 55-00)	2020	75847	0
Мотивирани и креативни учители	"Дейност 324 ""Спортни училища"""	Персонал (§ 01-00, § 02-00, § 05-00)	2020	25865591	237525.99999999997
Компетентности и таланти 	"Дейност 324 ""Спортни училища"""	Издръжка (§ 10-00, § 19-00)	2020	3666915.0000000005	147084
Компетентности и таланти 	"Дейност 324 ""Спортни училища"""	Стипендии (§ 40-00)	2020	514056.00000000006	0
Образователни иновации, дигитална трансформация и устойчиво развитие	"Дейност 324 ""Спортни училища"""	Капиталови разходи (§ 52-00, § 53-00)	2020	852248	610
Ефективно включване, трайно приобщаване и образователна интеграция	"Дейност 324 ""Спортни училища"""	Капиталови разходи (§ 51-00, § 54-00, § 55-00)	2020	10262	0
Мотивирани и креативни учители	"Дейност 325 ""Български училища в чужбина"""	Персонал (§ 01-00, § 02-00, § 05-00)	2020	1584445.0000000002	2880
Компетентности и таланти 	"Дейност 325 ""Български училища в чужбина"""	Издръжка (§ 10-00, § 19-00)	2020	1272351	0
Компетентности и таланти 	"Дейност 325 ""Български училища в чужбина"""	Предоставени текущи и капиталови трансфери за чужбина (§ 49-00) 	2020	12843492	0
Ефективно включване, трайно приобщаване и образователна интеграция	"Дейност 325 ""Български училища в чужбина"""	Капиталови разходи (§ 51-00, § 54-00, § 55-00)	2020	5913	0
Мотивирани и креативни учители	"Дейност 326 ""Професионални гимназии и паралелки за професионална подготовка"""	Персонал (§ 01-00, § 02-00, § 05-00)	2020	357506620	5069446
Реализация в професиите на настоящето и бъдещето	"Дейност 326 ""Професионални гимназии и паралелки за професионална подготовка"""	Издръжка (§ 10-00, § 19-00)	2020	62297642	6706709
Реализация в професиите на настоящето и бъдещето	"Дейност 326 ""Професионални гимназии и паралелки за професионална подготовка"""	Стипендии (§ 40-00)	2020	12603595	61290
Реализация в професиите на настоящето и бъдещето	"Дейност 326 ""Професионални гимназии и паралелки за професионална подготовка"""	Текущи трансфери, обезщетения и помощи за домакинствата (§ 42-00) 	2020	48914	143137
Реализация в професиите на настоящето и бъдещето	"Дейност 326 ""Професионални гимназии и паралелки за професионална подготовка"""	Субсидии и разходи за членски внос (§ 43-00, § 45-00, § 46-00)	2020	420879	307760
Образователни иновации, дигитална трансформация и устойчиво развитие	"Дейност 326 ""Професионални гимназии и паралелки за професионална подготовка"""	Капиталови разходи (§ 52-00, § 53-00)	2020	9659178	404784.00000000006
Ефективно включване, трайно приобщаване и образователна интеграция	"Дейност 326 ""Професионални гимназии и паралелки за професионална подготовка"""	Капиталови разходи (§ 51-00, § 54-00, § 55-00)	2020	8017749	2740
Мотивирани и креативни учители	"Дейност 327 ""Училища в места за лишаване от свобода"""	Персонал (§ 01-00, § 02-00, § 05-00)	2020	4295673	0
Ефективно включване, трайно приобщаване и образователна интеграция	"Дейност 327 ""Училища в места за лишаване от свобода"""	Издръжка (§ 10-00, § 19-00)	2020	261041.99999999997	0
Образователни иновации, дигитална трансформация и устойчиво развитие	"Дейност 327 ""Училища в места за лишаване от свобода"""	Капиталови разходи (§ 52-00, § 53-00)	2020	8689	0
Ефективно включване, трайно приобщаване и образователна интеграция	"Дейност 332 ""Общежития"""	Персонал (§ 01-00, § 02-00, § 05-00)	2020	12975080	0
Ефективно включване, трайно приобщаване и образователна интеграция	"Дейност 332 ""Общежития"""	Издръжка (§ 10-00, § 19-00)	2020	3710047	0
Ефективно включване, трайно приобщаване и образователна интеграция	"Дейност 332 ""Общежития"""	Текущи трансфери, обезщетения и помощи за домакинствата (§ 42-00) 	2020	437	0
Образователни иновации, дигитална трансформация и устойчиво развитие	"Дейност 332 ""Общежития"""	Капиталови разходи (§ 52-00, § 53-00)	2020	122282	0
Ефективно включване, трайно приобщаване и образователна интеграция	"Дейност 332 ""Общежития"""	Капиталови разходи (§ 51-00, § 54-00, § 55-00)	2020	937154	0
Сплотени училищни общности и системна работа с родителите	"Дейност 333 ""Ученически почивни лагери"""	Персонал (§ 01-00, § 02-00, § 05-00)	2020	53782	10047
Сплотени училищни общности и системна работа с родителите	"Дейност 333 ""Ученически почивни лагери"""	Издръжка (§ 10-00, § 19-00)	2020	112923	8016.999999999999
Сплотени училищни общности и системна работа с родителите	"Дейност 333 ""Ученически почивни лагери"""	Капиталови разходи (§ 52-00, § 53-00)	2020	1593	0
Сплотени училищни общности и системна работа с родителите	"Дейност 333 ""Ученически почивни лагери"""	Капиталови разходи (§ 51-00, § 54-00, § 55-00)	2020	0	80281
Мотивирани и креативни учители	"Дейност 334 ""Повишаване на квалификацията"""	Персонал (§ 01-00, § 02-00, § 05-00)	2020	2593876	349709
Мотивирани и креативни учители	"Дейност 334 ""Повишаване на квалификацията"""	Издръжка (§ 10-00, § 19-00)	2020	1208197	253400.99999999997
Мотивирани и креативни учители	"Дейност 334 ""Повишаване на квалификацията"""	Субсидии и разходи за членски внос (§ 43-00, § 45-00, § 46-00)	2020	108255	0
Образователни иновации, дигитална трансформация и устойчиво развитие	"Дейност 334 ""Повишаване на квалификацията"""	Капиталови разходи (§ 52-00, § 53-00)	2020	21908	8337
Ефективно включване, трайно приобщаване и образователна интеграция	"Дейност 336 ""Столове"""	Персонал (§ 01-00, § 02-00, § 05-00)	2020	4790443	22321
Ефективно включване, трайно приобщаване и образователна интеграция	"Дейност 336 ""Столове"""	Издръжка (§ 10-00, § 19-00)	2020	2149034	0
Ефективно включване, трайно приобщаване и образователна интеграция	"Дейност 336 ""Столове"""	Капиталови разходи (§ 52-00, § 53-00)	2020	52897	0
Ефективно включване, трайно приобщаване и образователна интеграция	"Дейност 336 ""Столове"""	Капиталови разходи (§ 51-00, § 54-00, § 55-00)	2020	7205	0
Мотивирани и креативни учители	"Дейност 337 ""Център за подкрепа за личностно развитие"""	Персонал (§ 01-00, § 02-00, § 05-00)	2020	22950552.000000004	65019.00000000001
Компетентности и таланти 	"Дейност 337 ""Център за подкрепа за личностно развитие"""	Издръжка (§ 10-00, § 19-00)	2020	4151979.9999999995	3836
Компетентности и таланти 	"Дейност 337 ""Център за подкрепа за личностно развитие"""	Стипендии (§ 40-00)	2020	280	0
Компетентности и таланти 	"Дейност 337 ""Център за подкрепа за личностно развитие"""	Текущи трансфери, обезщетения и помощи за домакинствата (§ 42-00) 	2020	24791	0
Компетентности и таланти 	"Дейност 337 ""Център за подкрепа за личностно развитие"""	Субсидии и разходи за членски внос (§ 43-00, § 45-00, § 46-00)	2020	2270	0
Образователни иновации, дигитална трансформация и устойчиво развитие	"Дейност 337 ""Център за подкрепа за личностно развитие"""	Капиталови разходи (§ 52-00, § 53-00)	2020	294572	0
Ефективно включване, трайно приобщаване и образователна интеграция	"Дейност 337 ""Център за подкрепа за личностно развитие"""	Капиталови разходи (§ 51-00, § 54-00, § 55-00)	2020	182548	0
Ефективно включване, трайно приобщаване и образователна интеграция	"Дейност 338 ""Ресурсно подпомагане"""	Персонал (§ 01-00, § 02-00, § 05-00)	2020	56542342.99999999	34661
Ефективно включване, трайно приобщаване и образователна интеграция	"Дейност 338 ""Ресурсно подпомагане"""	Издръжка (§ 10-00, § 19-00)	2020	10914576	5570
Ефективно включване, трайно приобщаване и образователна интеграция	"Дейност 338 ""Ресурсно подпомагане"""	Стипендии (§ 40-00)	2020	880	0
Ефективно включване, трайно приобщаване и образователна интеграция	"Дейност 338 ""Ресурсно подпомагане"""	Субсидии и разходи за членски внос (§ 43-00, § 45-00, § 46-00)	2020	86181	0
Образователни иновации, дигитална трансформация и устойчиво развитие	"Дейност 338 ""Ресурсно подпомагане"""	Капиталови разходи (§ 52-00, § 53-00)	2020	725222	0
Ефективно включване, трайно приобщаване и образователна интеграция	"Дейност 338 ""Ресурсно подпомагане"""	Капиталови разходи (§ 51-00, § 54-00, § 55-00)	2020	17487	0
Компетентности и таланти 	"Дейност 359 ""Други дейности за децата"""	Персонал (§ 01-00, § 02-00, § 05-00)	2020	14800	16055
Ранно детско развитие 	"Дейност 359 ""Други дейности за децата"""	Издръжка (§ 10-00, § 19-00)	2020	56919	52263
Образователни иновации, дигитална трансформация и устойчиво развитие	"Дейност 359 ""Други дейности за децата"""	Капиталови разходи (§ 52-00, § 53-00)	2020	19975	0
Ефективно включване, трайно приобщаване и образователна интеграция	"Дейност 359 ""Други дейности за децата"""	Капиталови разходи (§ 51-00, § 54-00, § 55-00)	2020	15048	134770
Компетентности и таланти 	"Дейност 369 ""Други дейности за младежта"""	Персонал (§ 01-00, § 02-00, § 05-00)	2020	1322331.9999999998	123574
Компетентности и таланти 	"Дейност 369 ""Други дейности за младежта"""	Издръжка (§ 10-00, § 19-00)	2020	935415.0000000001	53780
Компетентности и таланти 	"Дейност 369 ""Други дейности за младежта"""	Стипендии (§ 40-00)	2020	1200	0
Компетентности и таланти 	"Дейност 369 ""Други дейности за младежта"""	Текущи трансфери, обезщетения и помощи за домакинствата (§ 42-00) 	2020	798	0
Компетентности и таланти 	"Дейност 369 ""Други дейности за младежта"""	Субсидии и разходи за членски внос (§ 43-00, § 45-00, § 46-00)	2020	3004370	0
Образователни иновации, дигитална трансформация и устойчиво развитие	"Дейност 369 ""Други дейности за младежта"""	Капиталови разходи (§ 52-00, § 53-00)	2020	30905	38862
Ефективно включване, трайно приобщаване и образователна интеграция	"Дейност 369 ""Други дейности за младежта"""	Капиталови разходи (§ 51-00, § 54-00, § 55-00)	2020	28942	0
Учене през целия живот 	"Дейност 388 ""Международни програми и споразумения, дарения и помощи от чужбина"""	Персонал (§ 01-00, § 02-00, § 05-00)	2020	36260.00000000001	1959483.0000000002
Учене през целия живот 	"Дейност 388 ""Международни програми и споразумения, дарения и помощи от чужбина"""	Издръжка (§ 10-00, § 19-00)	2020	134360	1681126.0000000002
Учене през целия живот 	"Дейност 388 ""Международни програми и споразумения, дарения и помощи от чужбина"""	Стипендии (§ 40-00)	2020	969	0
Учене през целия живот 	"Дейност 388 ""Международни програми и споразумения, дарения и помощи от чужбина"""	Текущи трансфери, обезщетения и помощи за домакинствата (§ 42-00) 	2020	0	3243163
Учене през целия живот 	"Дейност 388 ""Международни програми и споразумения, дарения и помощи от чужбина"""	Субсидии и разходи за членски внос (§ 43-00, § 45-00, § 46-00)	2020	0	2308145
Учене през целия живот 	"Дейност 388 ""Международни програми и споразумения, дарения и помощи от чужбина"""	Предоставени текущи и капиталови трансфери за чужбина (§ 49-00) 	2020	0	858292.9999999999
Учене през целия живот 	"Дейност 388 ""Международни програми и споразумения, дарения и помощи от чужбина"""	Капиталови разходи (§ 52-00, § 53-00)	2020	0	908872.9999999999
Учене през целия живот 	"Дейност 388 ""Международни програми и споразумения, дарения и помощи от чужбина"""	Капиталови разходи (§ 51-00, § 54-00, § 55-00)	2020	0	1816562
Компетентности и таланти 	"Дейност 389 ""Други дейности по образованието"""	Персонал (§ 01-00, § 02-00, § 05-00)	2020	2413564	0
Ефективно включване, трайно приобщаване и образователна интеграция	"Дейност 389 ""Други дейности по образованието"""	Персонал (§ 01-00, § 02-00, § 05-00)	2020	189551	0
Образователни иновации, дигитална трансформация и устойчиво развитие	"Дейност 389 ""Други дейности по образованието"""	Персонал (§ 01-00, § 02-00, § 05-00)	2020	564902	0
Реализация в професиите на настоящето и бъдещето	"Дейност 389 ""Други дейности по образованието"""	Персонал (§ 01-00, § 02-00, § 05-00)	2020	38180	0
Учене през целия живот 	"Дейност 389 ""Други дейности по образованието"""	Персонал (§ 01-00, § 02-00, § 05-00)	2020	288869	0
Ефикасно управление и участие в мрежи	"Дейност 389 ""Други дейности по образованието"""	Персонал (§ 01-00, § 02-00, § 05-00)	2020	19017369	6196950.000000001
Компетентности и таланти 	"Дейност 389 ""Други дейности по образованието"""	Издръжка (§ 10-00, § 19-00)	2020	957294	0
Ефективно включване, трайно приобщаване и образователна интеграция	"Дейност 389 ""Други дейности по образованието"""	Издръжка (§ 10-00, § 19-00)	2020	154644	0
Образователни иновации, дигитална трансформация и устойчиво развитие	"Дейност 389 ""Други дейности по образованието"""	Издръжка (§ 10-00, § 19-00)	2020	273372	0
Реализация в професиите на настоящето и бъдещето	"Дейност 389 ""Други дейности по образованието"""	Издръжка (§ 10-00, § 19-00)	2020	28442	0
Учене през целия живот 	"Дейност 389 ""Други дейности по образованието"""	Издръжка (§ 10-00, § 19-00)	2020	348054	0
Ефикасно управление и участие в мрежи	"Дейност 389 ""Други дейности по образованието"""	Издръжка (§ 10-00, § 19-00)	2020	46260209	3411553.0000000005
Ефикасно управление и участие в мрежи	"Дейност 389 ""Други дейности по образованието"""	Стипендии (§ 40-00)	2020	360303	0
Ефикасно управление и участие в мрежи	"Дейност 389 ""Други дейности по образованието"""	Текущи трансфери, обезщетения и помощи за домакинствата (§ 42-00) 	2020	97045	38157
Ефикасно управление и участие в мрежи	"Дейност 389 ""Други дейности по образованието"""	Субсидии и разходи за членски внос (§ 43-00, § 45-00, § 46-00)	2020	1243765	29984970
Ефикасно управление и участие в мрежи	"Дейност 389 ""Други дейности по образованието"""	Предоставени текущи и капиталови трансфери за чужбина (§ 49-00) 	2020	255471	114511
Ефективно включване, трайно приобщаване и образователна интеграция	"Дейност 389 ""Други дейности по образованието"""	Капиталови разходи (§ 52-00, § 53-00)	2020	4652	0
Образователни иновации, дигитална трансформация и устойчиво развитие	"Дейност 389 ""Други дейности по образованието"""	Капиталови разходи (§ 52-00, § 53-00)	2020	13504	0
Ефикасно управление и участие в мрежи	"Дейност 389 ""Други дейности по образованието"""	Капиталови разходи (§ 52-00, § 53-00)	2020	45128795	1839843
Ефикасно управление и участие в мрежи	"Дейност 389 ""Други дейности по образованието"""	Капиталови разходи (§ 51-00, § 54-00, § 55-00)	2020	3536282	23415628
